{"stats":{"minecraft:custom":{"minecraft:time_since_rest":336170,"minecraft:crouch_one_cm":1002,"minecraft:sprint_one_cm":1187,"minecraft:play_time":336170,"minecraft:walk_one_cm":34235,"minecraft:sneak_time":412,"minecraft:walk_under_water_one_cm":499,"minecraft:drop":7,"minecraft:jump":80,"minecraft:leave_game":18,"minecraft:walk_on_water_one_cm":16,"minecraft:time_since_death":336170,"minecraft:climb_one_cm":97,"minecraft:total_world_time":347698,"minecraft:fly_one_cm":37798},"minecraft:dropped":{"gtceu:iv_arc_generator":6,"gtceu:tiny_apatite_dust":3},"minecraft:picked_up":{"gtceu:tiny_apatite_dust":3,"gtceu:iv_arc_generator":2},"minecraft:used":{"gtceu:hv_arc_furnace":2,"gtceu:uxv_arc_generator":1,"gtceu:opv_arc_generator":9,"gtceu:mv_arc_generator":10,"gtceu:zpm_arc_generator":5,"gtceu:uv_arc_generator":1,"gtceu:uhv_arc_generator":1,"gtceu:hv_arc_generator":3,"gtlcecore:example_item":9,"gtceu:lv_arc_generator":4,"gtceu:luv_arc_generator":1,"gtceu:uiv_arc_generator":1,"gtceu:iv_arc_generator":24,"gtceu:lv_electric_furnace":1,"gtceu:overworld_marker":33,"gtceu:ev_arc_generator":2,"gtceu:uev_arc_generator":1}},"DataVersion":3465}