{"stats":{"minecraft:custom":{"minecraft:time_since_rest":636369,"minecraft:crouch_one_cm":1064,"minecraft:sprint_one_cm":4419,"minecraft:play_time":636369,"minecraft:walk_one_cm":43145,"minecraft:sneak_time":423,"minecraft:walk_under_water_one_cm":499,"minecraft:drop":7,"minecraft:jump":135,"minecraft:leave_game":25,"minecraft:walk_on_water_one_cm":16,"minecraft:time_since_death":636369,"minecraft:climb_one_cm":268,"minecraft:total_world_time":649714,"minecraft:fly_one_cm":117217},"minecraft:dropped":{"gtceu:iv_arc_generator":6,"gtceu:tiny_apatite_dust":3},"minecraft:used":{"gtceu:hv_arc_furnace":3,"gtceu:uxv_arc_generator":1,"gtceu:opv_arc_generator":9,"gtceu:mv_arc_generator":14,"gtceu:zpm_arc_generator":5,"gtceu:uv_arc_generator":1,"gtceu:uhv_arc_generator":1,"gtceu:hv_arc_generator":3,"gtlcecore:example_item":10,"gtceu:lv_arc_generator":6,"gtceu:luv_arc_generator":1,"gtceu:uiv_arc_generator":1,"gtceu:iv_arc_generator":27,"gtceu:lv_electric_furnace":1,"gtceu:overworld_marker":33,"gtceu:ev_arc_generator":2,"gtceu:uev_arc_generator":1},"minecraft:picked_up":{"gtceu:tiny_apatite_dust":3,"gtceu:iv_arc_generator":2}},"DataVersion":3465}