{"stats":{"minecraft:mined":{"minecraft:tnt":3,"gtceu:industrial_tnt":1},"minecraft:picked_up":{"gtceu:tiny_apatite_dust":3,"minecraft:redstone":4,"gtceu:iv_arc_generator":2,"minecraft:dirt":48,"minecraft:tnt":1,"minecraft:dispenser":1,"minecraft:wheat_seeds":1,"gtceu:uranyl_bucket":1,"gtceu:industrial_tnt":252,"minecraft:cobblestone":44},"minecraft:dropped":{"gtceu:uranyl_bucket":2,"gtceu:iv_arc_generator":6,"gtceu:tiny_apatite_dust":3},"minecraft:used":{"gtceu:hv_arc_furnace":3,"gtceu:mv_arc_generator":14,"ae2:tiny_tnt":3,"minecraft:flint_and_steel":3,"minecraft:dispenser":7,"minecraft:redstone":32,"gtceu:luv_arc_generator":1,"gtceu:lv_electric_furnace":1,"gtceu:industrial_tnt":69,"minecraft:redstone_block":22,"gtceu:ev_arc_generator":2,"gtceu:uev_arc_generator":1,"gtceu:uxv_arc_generator":1,"gtceu:opv_arc_generator":9,"minecraft:dirt":4,"minecraft:repeater":10,"gtceu:powderbarrel":2,"gtceu:zpm_arc_generator":5,"gtceu:uv_arc_generator":1,"gtceu:uhv_arc_generator":1,"minecraft:tnt":12,"gtlcecore:example_item":10,"gtceu:hv_arc_generator":3,"gtceu:lv_arc_generator":6,"gtceu:iv_arc_generator":27,"gtceu:uiv_arc_generator":1,"gtceu:overworld_marker":51},"minecraft:custom":{"minecraft:time_since_rest":669726,"minecraft:sprint_one_cm":4556,"minecraft:walk_one_cm":69523,"minecraft:mob_kills":1,"minecraft:drop":9,"minecraft:fly_one_cm":149465,"minecraft:crouch_one_cm":2014,"minecraft:play_time":669726,"minecraft:sneak_time":904,"minecraft:walk_under_water_one_cm":499,"minecraft:jump":211,"minecraft:leave_game":27,"minecraft:time_since_death":669726,"minecraft:walk_on_water_one_cm":16,"minecraft:total_world_time":683663,"minecraft:climb_one_cm":268,"minecraft:inspect_dispenser":17},"minecraft:killed":{"minecraft:pig":1}},"DataVersion":3465}