{"stats":{"minecraft:custom":{"minecraft:time_since_rest":282448,"minecraft:crouch_one_cm":571,"minecraft:sprint_one_cm":764,"minecraft:play_time":282448,"minecraft:walk_one_cm":27420,"minecraft:sneak_time":330,"minecraft:walk_under_water_one_cm":499,"minecraft:drop":7,"minecraft:jump":62,"minecraft:leave_game":17,"minecraft:walk_on_water_one_cm":16,"minecraft:time_since_death":282448,"minecraft:total_world_time":293912,"minecraft:fly_one_cm":26062},"minecraft:picked_up":{"gtceu:tiny_apatite_dust":3,"gtceu:iv_arc_generator":2},"minecraft:dropped":{"gtceu:iv_arc_generator":6,"gtceu:tiny_apatite_dust":3},"minecraft:used":{"gtceu:uxv_arc_generator":1,"gtceu:opv_arc_generator":4,"gtceu:mv_arc_generator":2,"gtceu:zpm_arc_generator":5,"gtceu:uv_arc_generator":1,"gtceu:uhv_arc_generator":1,"gtceu:hv_arc_generator":3,"gtlcecore:example_item":6,"gtceu:lv_arc_generator":3,"gtceu:luv_arc_generator":1,"gtceu:uiv_arc_generator":1,"gtceu:iv_arc_generator":22,"gtceu:lv_electric_furnace":1,"gtceu:overworld_marker":7,"gtceu:ev_arc_generator":2,"gtceu:uev_arc_generator":1}},"DataVersion":3465}