{"stats":{"minecraft:custom":{"minecraft:jump":12,"minecraft:time_since_rest":57624,"minecraft:crouch_one_cm":201,"minecraft:leave_game":2,"minecraft:play_time":57624,"minecraft:sprint_one_cm":625,"minecraft:time_since_death":57624,"minecraft:walk_one_cm":2012,"minecraft:sneak_time":49,"minecraft:total_world_time":59460,"minecraft:fly_one_cm":26497},"minecraft:used":{"gtceu:uv_solar_panel":1,"gtceu:zpm_solar_panel":1,"gtceu:zpm_machine_hull":2,"minecraft:birch_planks":1,"ad_astra:solar_panel":3}},"DataVersion":3465}