{
  "minecraft:recipes/decorations/crafting_table": {
    "criteria": {
      "unlock_right_away": "2024-11-10 06:59:39 +0800"
    },
    "done": true
  },
  "minecraft:adventure/adventuring_time": {
    "criteria": {
      "minecraft:beach": "2024-11-10 06:59:40 +0800",
      "minecraft:jungle": "2024-11-10 22:04:23 +0800"
    },
    "done": false
  },
  "ae2wtlib:recipes/magnet_card": {
    "criteria": {
      "has_wct": "2024-11-10 06:59:47 +0800"
    },
    "done": true
  },
  "ae2wtlib:recipes/wireless_universal_terminal/upgrade_pattern_access": {
    "criteria": {
      "has_wit": "2024-11-10 06:59:47 +0800"
    },
    "done": true
  },
  "ae2wtlib:recipes/wireless_pattern_encoding_terminal": {
    "criteria": {
      "has_wt": "2024-11-10 06:59:47 +0800"
    },
    "done": true
  },
  "ae2wtlib:recipes/wireless_universal_terminal/upgrade_pattern_encoding": {
    "criteria": {
      "has_wpt": "2024-11-10 06:59:47 +0800"
    },
    "done": true
  },
  "ae2wtlib:recipes/wireless_universal_terminal/ce": {
    "criteria": {
      "has_wpt": "2024-11-10 06:59:47 +0800",
      "has_wct": "2024-11-10 06:59:47 +0800"
    },
    "done": true
  },
  "ae2wtlib:recipes/wireless_universal_terminal/ca": {
    "criteria": {
      "has_wit": "2024-11-10 06:59:47 +0800",
      "has_wct": "2024-11-10 06:59:47 +0800"
    },
    "done": true
  },
  "ae2wtlib:recipes/wireless_universal_terminal/upgrade_crafting": {
    "criteria": {
      "has_wct": "2024-11-10 06:59:47 +0800"
    },
    "done": true
  },
  "ae2wtlib:recipes/wireless_universal_terminal/ae": {
    "criteria": {
      "has_wit": "2024-11-10 06:59:47 +0800",
      "has_wpt": "2024-11-10 06:59:47 +0800"
    },
    "done": true
  },
  "ae2wtlib:recipes/wireless_pattern_access_terminal": {
    "criteria": {
      "has_wt": "2024-11-10 06:59:47 +0800"
    },
    "done": true
  },
  "ae2wtlib:recipes/quantum_bridge_card": {
    "criteria": {
      "has_wit": "2024-11-10 06:59:47 +0800",
      "has_wpt": "2024-11-10 06:59:47 +0800",
      "has_wct": "2024-11-10 06:59:47 +0800"
    },
    "done": true
  },
  "minecraft:husbandry/root": {
    "criteria": {
      "consumed_item": "2024-11-10 16:08:35 +0800"
    },
    "done": true
  },
  "minecraft:recipes/transportation/cherry_boat": {
    "criteria": {
      "in_water": "2024-11-10 22:00:36 +0800"
    },
    "done": true
  },
  "minecraft:recipes/transportation/bamboo_raft": {
    "criteria": {
      "in_water": "2024-11-10 22:00:36 +0800"
    },
    "done": true
  },
  "minecraft:recipes/transportation/spruce_boat": {
    "criteria": {
      "in_water": "2024-11-10 22:00:36 +0800"
    },
    "done": true
  },
  "minecraft:recipes/transportation/birch_boat": {
    "criteria": {
      "in_water": "2024-11-10 22:00:36 +0800"
    },
    "done": true
  },
  "minecraft:recipes/transportation/oak_boat": {
    "criteria": {
      "in_water": "2024-11-10 22:00:36 +0800"
    },
    "done": true
  },
  "minecraft:recipes/transportation/mangrove_boat": {
    "criteria": {
      "in_water": "2024-11-10 22:00:36 +0800"
    },
    "done": true
  },
  "minecraft:recipes/transportation/acacia_boat": {
    "criteria": {
      "in_water": "2024-11-10 22:00:36 +0800"
    },
    "done": true
  },
  "minecraft:recipes/transportation/jungle_boat": {
    "criteria": {
      "in_water": "2024-11-10 22:00:36 +0800"
    },
    "done": true
  },
  "minecraft:recipes/transportation/dark_oak_boat": {
    "criteria": {
      "in_water": "2024-11-10 22:00:36 +0800"
    },
    "done": true
  },
  "minecraft:recipes/redstone/redstone_torch": {
    "criteria": {
      "has_redstone": "2024-11-10 22:18:13 +0800"
    },
    "done": true
  },
  "minecraft:recipes/tools/clock": {
    "criteria": {
      "has_redstone": "2024-11-10 22:18:13 +0800"
    },
    "done": true
  },
  "minecraft:recipes/redstone/note_block": {
    "criteria": {
      "has_redstone": "2024-11-10 22:18:13 +0800"
    },
    "done": true
  },
  "minecraft:recipes/redstone/target": {
    "criteria": {
      "has_redstone": "2024-11-10 22:18:13 +0800"
    },
    "done": true
  },
  "ae2:recipes/misc/network/cells/fluid_cell_housing": {
    "criteria": {
      "has_dusts/redstone": "2024-11-10 22:18:13 +0800"
    },
    "done": true
  },
  "minecraft:recipes/tools/compass": {
    "criteria": {
      "has_redstone": "2024-11-10 22:18:13 +0800"
    },
    "done": true
  },
  "ae2:recipes/misc/network/cables/smart_fluix": {
    "criteria": {
      "has_dusts/redstone": "2024-11-10 22:18:13 +0800"
    },
    "done": true
  },
  "ae2:recipes/misc/network/cells/item_cell_housing": {
    "criteria": {
      "has_dusts/redstone": "2024-11-10 22:18:13 +0800"
    },
    "done": true
  },
  "minecraft:recipes/redstone/dropper": {
    "criteria": {
      "has_redstone": "2024-11-10 22:18:13 +0800"
    },
    "done": true
  },
  "minecraft:recipes/redstone/redstone_block": {
    "criteria": {
      "has_redstone": "2024-11-10 22:18:13 +0800"
    },
    "done": true
  },
  "ae2:recipes/misc/network/cables/dense_smart_fluix": {
    "criteria": {
      "has_dusts/redstone": "2024-11-10 22:18:13 +0800"
    },
    "done": true
  },
  "minecraft:recipes/redstone/piston": {
    "criteria": {
      "has_redstone": "2024-11-10 22:18:13 +0800"
    },
    "done": true
  },
  "minecraft:recipes/decorations/chest": {
    "criteria": {
      "has_lots_of_items": "2024-11-11 20:51:38 +0800"
    },
    "done": true
  },
  "ae2:recipes/misc/decorative/quartz_block": {
    "criteria": {
      "has_certus_quartz_crystal": "2024-11-11 21:33:31 +0800"
    },
    "done": true
  },
  "ae2:recipes/misc/tools/certus_quartz_pickaxe": {
    "criteria": {
      "has_certus_quartz": "2024-11-11 21:33:47 +0800"
    },
    "done": true
  },
  "ae2:recipes/misc/tools/certus_quartz_axe": {
    "criteria": {
      "has_certus_quartz": "2024-11-11 21:33:47 +0800"
    },
    "done": true
  },
  "ae2:recipes/misc/tools/certus_quartz_sword": {
    "criteria": {
      "has_certus_quartz": "2024-11-11 21:33:47 +0800"
    },
    "done": true
  },
  "ae2:recipes/misc/tools/certus_quartz_wrench": {
    "criteria": {
      "has_certus_quartz": "2024-11-11 21:33:47 +0800"
    },
    "done": true
  },
  "ae2:recipes/misc/tools/certus_quartz_cutting_knife": {
    "criteria": {
      "has_certus_quartz": "2024-11-11 21:33:47 +0800"
    },
    "done": true
  },
  "ae2:recipes/misc/network/blocks/energy_energy_cell": {
    "criteria": {
      "has_crystals/certus": "2024-11-11 21:33:47 +0800"
    },
    "done": true
  },
  "ae2:recipes/misc/tools/certus_quartz_spade": {
    "criteria": {
      "has_certus_quartz": "2024-11-11 21:33:47 +0800"
    },
    "done": true
  },
  "ae2:recipes/misc/tools/certus_quartz_hoe": {
    "criteria": {
      "has_certus_quartz": "2024-11-11 21:33:47 +0800"
    },
    "done": true
  },
  "ae2:recipes/misc/decorative/quartz_fixture": {
    "criteria": {
      "has_charged_certus_quartz_crystal": "2024-11-11 22:26:57 +0800"
    },
    "done": true
  },
  "ae2:recipes/misc/tools/misctools_charged_staff": {
    "criteria": {
      "has_charged_certus_quartz_crystal": "2024-11-11 22:26:57 +0800"
    },
    "done": true
  },
  "ae2:recipes/misc/decorative/quartz_fixture_from_anchors": {
    "criteria": {
      "has_charged_certus_quartz_crystal": "2024-11-11 22:26:57 +0800"
    },
    "done": true
  },
  "ae2:main/charged_quartz": {
    "criteria": {
      "certus": "2024-11-11 22:26:57 +0800"
    },
    "done": true
  },
  "ae2:recipes/misc/tools/fluix_sword": {
    "criteria": {
      "has_crystals/fluix": "2024-11-11 22:35:20 +0800"
    },
    "done": true
  },
  "expatternprovider:recipes/misc/crystal_fixer": {
    "criteria": {
      "has_item": "2024-11-11 22:35:20 +0800"
    },
    "done": true
  },
  "ae2:main/fluix": {
    "criteria": {
      "certus": "2024-11-11 22:35:20 +0800"
    },
    "done": true
  },
  "ae2:recipes/misc/misc/fluixpearl": {
    "criteria": {
      "has_crystals/fluix": "2024-11-11 22:35:20 +0800"
    },
    "done": true
  },
  "ae2:recipes/misc/tools/fluix_hoe": {
    "criteria": {
      "has_crystals/fluix": "2024-11-11 22:35:20 +0800"
    },
    "done": true
  },
  "ae2:recipes/misc/tools/fluix_upgrade_smithing_template": {
    "criteria": {
      "has_fluix_crystal": "2024-11-11 22:35:20 +0800"
    },
    "done": true
  },
  "ae2:recipes/misc/network/blocks/crystal_processing_charger": {
    "criteria": {
      "has_crystals/fluix": "2024-11-11 22:35:20 +0800"
    },
    "done": true
  },
  "ae2:recipes/misc/tools/fluix_axe": {
    "criteria": {
      "has_crystals/fluix": "2024-11-11 22:35:20 +0800"
    },
    "done": true
  },
  "ae2:recipes/misc/decorative/fluix_block": {
    "criteria": {
      "has_fluix_crystal": "2024-11-11 22:35:20 +0800"
    },
    "done": true
  },
  "ae2:recipes/misc/tools/fluix_shovel": {
    "criteria": {
      "has_crystals/fluix": "2024-11-11 22:35:20 +0800"
    },
    "done": true
  },
  "ae2:recipes/misc/network/blocks/controller": {
    "criteria": {
      "has_purified_fluix_crystal": "2024-11-11 22:35:20 +0800"
    },
    "done": true
  },
  "ae2:recipes/misc/tools/fluix_pickaxe": {
    "criteria": {
      "has_crystals/fluix": "2024-11-11 22:35:20 +0800"
    },
    "done": true
  },
  "ae2:recipes/misc/network/blocks/storage_chest": {
    "criteria": {
      "has_crystals/fluix": "2024-11-11 22:35:20 +0800"
    },
    "done": true
  },
  "ae2:recipes/misc/network/cables/glass_fluix": {
    "criteria": {
      "has_crystals/fluix": "2024-11-11 22:35:20 +0800"
    },
    "done": true
  },
  "ae2:recipes/misc/network/blocks/energy_energy_acceptor": {
    "criteria": {
      "has_crystals/fluix": "2024-11-11 22:35:20 +0800"
    },
    "done": true
  },
  "ae2:recipes/misc/network/blocks/spatial_io_pylon": {
    "criteria": {
      "has_crystals/fluix": "2024-11-11 22:35:20 +0800"
    },
    "done": true
  },
  "ae2:recipes/misc/network/blocks/inscribers": {
    "criteria": {
      "has_crystals/fluix": "2024-11-11 22:35:20 +0800"
    },
    "done": true
  },
  "DataVersion": 3465
}