{"stats":{"minecraft:used":{"gtceu:uv_solar_panel":1,"gtceu:zpm_solar_panel":1,"gtceu:zpm_machine_hull":2,"minecraft:birch_planks":1,"ad_astra:solar_panel":3},"minecraft:custom":{"minecraft:jump":11,"minecraft:time_since_rest":23602,"minecraft:crouch_one_cm":201,"minecraft:leave_game":1,"minecraft:play_time":23602,"minecraft:sprint_one_cm":560,"minecraft:time_since_death":23602,"minecraft:walk_one_cm":2012,"minecraft:sneak_time":49,"minecraft:total_world_time":24990,"minecraft:fly_one_cm":22936}},"DataVersion":3465}